episode,total_reward
1,-1090.5635154247284
2,-1054.4825096428394
3,-585.8347675204277
4,-612.6238805949688
5,-596.4582101404667
6,-615.674936413765
