episode,total_reward
1,-1070.98169080168
2,-1422.2278363853693
