episode,total_reward
1,-1027.679179303348
2,-1441.1061597466469
3,-1193.910340309143
