episode,total_reward
1,-1019.1107709035277
2,-1435.1649212390184
3,-1431.604407787323
4,-1411.6618500351906
5,-1435.1136577129364
