episode,total_reward
1,-1104.1086336523294
2,-1377.374162480235
3,-873.4523527920246
